<?xml version="1.0" encoding="UTF-8" standalone="yes"?>
<resources targetOsVersion="6.3.0" majorVersion="1">
	<packaging>
		<autoResourcePackage qualifier="Language"/>
		<autoResourcePackage qualifier="Scale"/>
		<autoResourcePackage qualifier="DXFeatureLevel"/>
	</packaging>
	<index root="\" startIndexAt="\">
		<default>
			<qualifier name="Language" value="en-us;ja-jp;de-de;fr-fr;es-es;it-it;pt-br;ru-ru;ko-kr;zh-cn;zh-tw"/>
			<qualifier name="Contrast" value="standard"/>
			<qualifier name="Scale" value="100"/>
			<qualifier name="HomeRegion" value="001"/>
			<qualifier name="TargetSize" value="256"/>
			<qualifier name="LayoutDirection" value="LTR"/>
			<qualifier name="Configuration" value=""/>
			<qualifier name="AlternateForm" value=""/>
			<qualifier name="DXFeatureLevel" value="DX9"/>
		</default>
		<indexer-config type="folder" foldernameAsQualifier="true" filenameAsQualifier="true" qualifierDelimiter="."/>
		<indexer-config type="resw" convertDotsToSlashes="true" initialPath=""/>
		<indexer-config type="resjson" initialPath=""/>
		<indexer-config type="PRI"/>
	</index>
	<!--<index startIndexAt="Start Index Here" root="Root Here">-->
	<!--        <indexer-config type="resfiles" qualifierDelimiter="."/>-->
	<!--        <indexer-config type="priinfo" emitStrings="true" emitPaths="true"/>-->
	<!--</index>-->
</resources>