﻿<?xml version="1.0" encoding="utf-8"?>
<Package xmlns:m2="http://schemas.microsoft.com/appx/2013/manifest" xmlns="http://schemas.microsoft.com/appx/2010/manifest">
  <Identity Name="Mobile Case Worker" Version="1.0.0.0" Publisher="CN=SienaPublisherBeta" ProcessorArchitecture="neutral" />
  <Properties>
    <DisplayName>Mobile Case Worker</DisplayName>
    <PublisherDisplayName>Siena</PublisherDisplayName>
    <Logo>images\storelogo.png</Logo>
  </Properties>
  <Prerequisites>
    <OSMinVersion>6.3.0</OSMinVersion>
    <OSMaxVersionTested>6.3.0</OSMaxVersionTested>
  </Prerequisites>
  <Resources>
    <Resource Language="EN-US" />
  </Resources>
  <Applications>
    <Application Id="Mobile Case Worker" StartPage="default.html">
      <m2:VisualElements DisplayName="Mobile Case Worker" Square150x150Logo="images\logo.png" Square30x30Logo="images\smalllogo.png" Description="Application published by Project Siena" ForegroundText="dark" BackgroundColor="#00B0F0">
        <m2:DefaultTile DefaultSize="square150x150Logo">
          <m2:ShowNameOnTiles>
            <m2:ShowOn Tile="square150x150Logo" />
          </m2:ShowNameOnTiles>
        </m2:DefaultTile>
        <m2:SplashScreen Image="images\splashscreen.png" />
      </m2:VisualElements>
    </Application>
  </Applications>
  <Capabilities>
    <Capability Name="internetClient" />
    <Capability Name="enterpriseAuthentication" />
    <Capability Name="privateNetworkClientServer" />
    <DeviceCapability Name="webcam" />
    <DeviceCapability Name="microphone" />
  </Capabilities>
  <Dependencies>
    <PackageDependency Name="Microsoft.WinJS.2.0" MinVersion="1.0.9600.16408" />
  </Dependencies>
</Package>